Player Name,Position,Minutes,Touches,Shots,Progressive Carries,Interceptions,fThird Passes,Successful fThird Passes,Crosses,Successful Crosses,Ground Duels,gDuels Won
Ben White,DEF,1198,833,9,296,23,714,592,51,10,231,116
Bukayo Saka,MID,1735,1094,67,69,15,55,33,1,0,58,34
Declan Rice,MID,2833,2016,48,260,13,480,364,63,7,342,121
Gabriel Magalhães,DEF,2365,1911,22,216,5,339,254,89,21,206,77
Gabriel Martinelli,MID,2300,1083,55,110,10,210,132,9,1,237,111
Jakub Kiwior,DEF,1117,861,3,52,9,132,93,26,6,53,27
Jurriën Timber,DEF,2422,1752,14,38,6,163,99,6,1,148,37
Kai Havertz,FWD,1874,837,53,34,19,150,105,6,2,127,59
Leandro Trossard,MID,2550,1410,72,135,25,295,222,68,14,167,89
Martin Ødegaard,MID,2328,1791,49,259,24,721,639,0,0,214,117
Mikel Merino,MID,1581,846,38,239,27,636,446,76,19,310,160
Myles Lewis-Skelly,DEF,1370,964,3,267,34,288,170,8,2,129,75
Thomas Partey,MID,2799,2289,26,75,22,184,145,37,4,99,56
William Saliba,DEF,3041,2883,6,186,26,176,101,5,0,108,56
Amadou Onana,MID,1624,1057,17,82,8,344,241,48,5,151,61
Boubacar Kamara,MID,1725,1184,10,129,27,230,180,10,4,158,86
Ezri Konsa,DEF,2937,1987,11,232,45,373,226,13,1,117,56
Ian Maatsen,DEF,1128,976,19,227,17,287,219,0,0,101,62
Jacob Ramsey,MID,1628,830,19,182,2,401,322,23,0,143,69
John McGinn,MID,2230,1187,31,138,9,332,230,21,5,204,90
Leon Bailey,MID,1143,600,28,90,14,192,149,6,1,153,84
Lucas Digne,DEF,2358,1586,13,100,18,508,327,23,5,301,149
Marcus Rashford,MID,1426,706,35,177,5,410,323,52,16,227,99
Matty Cash,DEF,2077,1251,13,149,54,183,95,7,2,152,94
Morgan Rogers,MID,3129,1528,55,187,36,352,216,8,2,151,86
Ollie Watkins,FWD,2610,784,84,83,6,162,131,13,4,116,53
Pau Torres,DEF,2020,1561,8,19,1,97,47,0,0,111,31
Tyrone Mings,DEF,1121,809,9,134,42,241,171,68,22,195,112
Youri Tielemans,MID,3032,2517,41,98,11,219,175,55,9,89,50
Adam Smith,DEF,1596,855,3,52,15,169,110,33,7,88,42
Antoine Semenyo,MID,3209,1849,125,294,62,539,394,170,42,286,151
Dango Ouattara,MID,2006,1052,62,130,44,381,250,74,19,310,163
Dean Huijsen,DEF,2422,2044,18,226,25,590,502,34,6,172,82
Evanilson,FWD,2335,630,73,200,24,194,158,5,0,119,89
Illia Zabarnyi,DEF,3113,2092,12,146,9,318,215,55,13,203,95
Justin Kluivert,MID,2356,1177,63,72,6,264,205,11,2,138,46
Lewis Cook,MID,2978,1965,14,201,13,304,217,5,0,46,27
Marcos Senesi,DEF,1108,918,3,104,5,223,161,34,10,108,45
Marcus Tavernier,MID,1938,1303,57,74,27,119,78,10,5,110,69
Milos Kerkez,DEF,3342,2264,19,264,9,695,471,78,17,289,118
Ryan Christie,MID,2131,1471,33,75,17,194,139,41,8,120,71
Tyler Adams,MID,1965,1393,9,177,8,227,173,19,3,267,129
Bryan Mbeumo,MID,3415,1915,85,192,3,391,325,56,13,212,109
Christian Nørgaard,MID,2829,1883,39,45,7,165,146,4,0,81,33
Ethan Pinnock,DEF,1913,1370,10,62,1,166,112,0,0,146,76
Keane Lewis-Potter,MID,3101,1713,28,91,32,240,191,38,10,143,79
Kevin Schade,MID,2301,979,55,78,12,363,284,25,3,94,53
Kristoffer Ajer,DEF,1441,830,9,63,3,244,205,14,4,47,25
Mads Roerslev,DEF,1096,670,5,137,24,380,314,53,10,140,69
Mikkel Damsgaard,MID,2926,2034,35,272,45,476,345,132,35,207,124
Nathan Collins,DEF,3420,2496,17,156,31,299,230,53,12,246,151
Sepp van den Berg,DEF,2588,1628,20,89,8,163,124,41,10,115,48
Vitaly Janelt,MID,2266,1323,14,63,8,125,94,28,9,91,43
Yehor Yarmoliuk,MID,1442,1016,9,119,8,272,199,20,1,197,88
Yoane Wissa,FWD,2927,1020,90,180,23,637,472,28,4,290,169
Carlos Baleba,MID,2670,1837,44,56,8,168,132,12,1,107,42
Danny Welbeck,FWD,2122,791,60,133,33,277,133,8,1,110,73
Georginio Rutter,MID,1666,739,50,73,5,148,112,21,6,100,41
Jack Hinshelwood,MID,1846,1222,18,98,13,125,105,1,0,71,38
Jan Paul van Hecke,DEF,2959,2645,17,107,16,77,45,0,0,47,29
João Pedro,FWD,1953,1057,47,100,14,289,232,38,10,224,122
Joël Veltman,DEF,1699,1192,6,405,44,822,717,22,3,173,110
Kaoru Mitoma,FWD,2608,1479,57,229,21,378,266,76,25,227,121
Lewis Dunk,DEF,2083,2151,12,169,18,363,285,43,9,160,90
Mats Wieffer,MID,1008,907,9,140,22,255,174,22,1,96,60
Pervis Estupiñán,DEF,2403,2001,28,114,9,437,363,26,10,131,61
Simon Adingra,MID,1091,592,33,174,5,433,354,40,9,175,74
Yankuba Minteh,MID,1841,932,34,111,20,256,178,22,6,206,103
Yasin Ayari,MID,1966,1310,28,74,13,192,155,16,5,152,75
Cole Palmer,MID,3195,2005,126,116,13,89,44,0,0,30,16
Enzo Fernández,MID,2946,2327,53,45,5,196,125,3,1,111,37
Jadon Sancho,MID,1764,1052,24,63,4,135,84,18,6,64,34
Levi Colwill,DEF,3149,2965,17,135,41,450,333,48,14,206,104
Malo Gusto,DEF,1858,1656,22,271,9,522,476,11,3,55,29
Marc Cucurella,DEF,2989,2321,24,185,28,310,202,13,3,156,99
Moisés Caicedo,MID,3356,2721,20,197,23,550,413,45,13,246,113
Nicolas Jackson,FWD,2238,769,76,242,10,292,226,63,11,208,95
Noni Madueke,MID,2046,1077,80,196,23,304,235,63,16,247,124
Pedro Neto,MID,2268,1244,59,201,36,560,372,133,34,213,113
Reece James,DEF,1064,985,11,62,9,181,159,11,2,76,42
Tosin Adarabioyo,DEF,1404,1348,13,215,25,196,133,13,3,153,96
Trevoh Chalobah,DEF,1974,1419,18,93,32,237,173,3,1,205,108
Wesley Fofana,DEF,1176,966,3,95,31,225,151,30,5,235,116
Adam Wharton,MID,1326,913,13,75,20,245,168,18,5,116,57
Chris Richards,DEF,1924,1148,12,32,5,204,107,1,1,100,34
Daichi Kamada,MID,1553,986,20,163,27,164,97,3,0,104,52
Daniel Muñoz,DEF,3233,2107,37,61,5,198,162,3,0,132,62
Eberechi Eze,MID,2600,1586,102,73,3,100,69,5,0,119,55
Eddie Nketiah,FWD,1026,465,43,111,18,248,191,6,4,169,82
Ismaïla Sarr,MID,2714,1198,59,78,9,86,54,1,0,48,31
Jean-Philippe Mateta,FWD,2654,835,70,115,10,183,132,38,11,196,100
Jefferson Lerma,MID,2277,1475,26,96,28,163,123,10,2,181,94
Jordan Ayew,MID,1664,937,33,102,19,221,164,24,8,144,90
Marc Guéhi,DEF,3059,2206,15,103,14,220,117,11,3,100,52
Maxence Lacroix,DEF,3118,1991,30,212,38,235,163,4,0,100,68
Tyrick Mitchell,DEF,3102,1838,12,93,7,87,67,1,0,23,19
Will Hughes,MID,2118,1278,22,260,21,318,268,3,0,137,90
Abdoulaye Doucouré,MID,2577,1231,31,108,10,305,233,23,1,210,77
Adam Armstrong,FWD,1252,405,26,42,3,111,85,14,3,72,23
Ashley Young,DEF,1869,1238,6,63,23,175,140,10,2,79,46
Beto,FWD,1528,601,49,156,6,345,251,48,9,203,97
Dominic Calvert-Lewin,FWD,1613,596,50,74,1,150,100,4,1,198,71
Dwight McNeil,MID,1371,827,25,176,11,352,239,29,7,296,157
Idrissa Gueye,MID,3067,1930,27,142,4,82,67,4,1,32,16
Iliman Ndiaye,FWD,2440,1246,37,194,13,580,514,17,2,139,69
Jack Harrison,MID,2083,1041,29,74,16,256,188,15,3,82,38
Jake O'Brien,MID,1569,916,6,66,6,141,114,2,0,47,29
James Garner,MID,1594,1024,12,113,46,292,187,56,11,189,111
James Tarkowski,DEF,2924,1771,15,62,13,220,183,9,2,71,32
Jarrad Branthwaite,DEF,2510,1558,10,214,16,334,234,60,10,329,136
Jesper Lindstrøm,MID,1240,679,28,141,20,261,209,10,2,174,95
Michael Keane,DEF,1046,518,10,77,10,86,69,0,0,48,23
Orel Mangala,MID,1255,663,16,134,30,283,238,14,2,179,95
Vitalii Mykolenko,DEF,3084,1744,14,84,27,316,236,29,8,110,56
Adama Traoré,MID,1769,888,39,187,1,238,190,100,30,192,100
Alex Iwobi,MID,2994,1983,68,281,14,678,508,124,25,222,110
Andreas Pereira,MID,2022,1205,39,168,21,496,400,85,21,107,54
Antonee Robinson,DEF,3167,2647,16,111,19,121,82,13,0,77,34
Calvin Bassey,DEF,3074,2536,14,45,2,82,65,3,0,109,41
Emile Smith Rowe,MID,2061,1279,37,107,12,114,61,2,0,64,44
Harry Wilson,MID,1157,635,43,95,9,218,178,13,6,82,40
Issa Diop,DEF,1335,911,5,84,7,160,122,8,1,150,80
Joachim Andersen,DEF,2663,2466,20,87,6,152,128,18,1,127,55
Kenny Tete,DEF,1779,1260,24,133,7,610,473,79,14,127,48
Raúl Jiménez,FWD,2505,1111,96,85,10,260,177,23,5,218,96
Sander Berge,MID,2227,1436,3,158,34,435,338,30,6,219,120
Sasa Lukic,MID,2355,1546,18,256,6,485,411,70,16,206,103
Timothy Castagne,DEF,1643,1194,8,225,23,410,338,52,11,209,114
Alex Palmer,MID,1170,524,0,0,0,0,0,0,0,0,0
Axel Tuanzebe,DEF,1717,1011,4,103,12,105,59,4,1,48,24
Ben Johnson,DEF,1348,660,7,60,16,220,174,17,3,67,25
Cameron Burgess,DEF,1540,994,10,200,46,322,248,9,3,293,160
Dara O'Shea,DEF,3123,2063,22,41,4,119,73,3,1,113,43
Jack Clarke,FWD,1170,625,17,131,10,234,149,89,16,212,84
Jacob Greaves,DEF,2205,1447,10,172,13,419,307,119,22,181,78
Jens Cajuste,MID,1976,1090,12,60,12,151,110,38,9,169,63
Julio Enciso,MID,1164,707,52,366,4,474,382,59,11,304,171
Kalvin Phillips,MID,1239,787,11,139,6,147,112,26,8,179,72
Leif Davis,DEF,2746,1641,16,111,18,93,81,1,1,54,33
Liam Delap,FWD,2612,821,68,224,32,211,157,9,3,94,53
Luke Woolfenden,DEF,1186,702,1,61,4,130,104,31,4,72,35
Omari Hutchinson,MID,2590,1399,45,39,21,147,126,6,1,95,47
Sam Morsy,MID,2753,1764,13,29,6,61,43,8,2,78,28
Sam Szmodics,FWD,1001,347,21,150,21,283,255,3,0,135,71
Bilal El Khannouss,MID,2193,1359,30,82,19,224,170,1,0,176,94
Boubakary Soumaré,MID,2170,1523,7,120,4,287,207,53,6,165,84
Caleb Okoli,DEF,1122,828,4,226,13,416,363,73,15,142,84
Conor Coady,DEF,1713,1226,2,56,9,69,36,0,0,32,21
Facundo Buonanotte,MID,1513,988,36,108,32,215,179,4,0,190,96
Harry Winks,MID,1540,1194,10,157,6,290,227,47,14,140,61
James Justin,DEF,2920,2033,25,147,12,500,398,36,9,238,128
Jamie Vardy,FWD,2839,631,58,96,56,124,94,1,0,99,51
Jannik Vestergaard,DEF,1395,1114,3,167,27,217,120,5,0,81,56
Luke Thomas,DEF,1112,799,5,81,19,64,36,0,0,19,11
Oliver Skipp,MID,1120,643,5,105,8,211,144,7,0,164,53
Stephy Mavididi,MID,1613,957,26,248,30,346,252,10,1,100,45
Victor Kristiansen,DEF,2489,1682,3,325,56,506,395,1,0,87,54
Wilfred Ndidi,MID,2336,1489,22,95,22,284,197,23,3,237,102
Wout Faes,DEF,2812,1948,12,170,11,236,143,69,14,224,104
Alexis Mac Allister,MID,2607,1954,38,209,11,363,295,15,9,218,107
Andy Robertson,DEF,2492,2129,15,206,6,350,250,76,13,194,91
Cody Gakpo,FWD,1938,971,57,274,11,655,505,77,20,258,145
Curtis Jones,MID,1710,1367,34,76,18,213,165,16,3,158,75
Darwin Núñez,FWD,1118,412,34,69,5,180,137,33,6,102,43
Diogo Jota,FWD,1194,536,51,170,21,266,206,25,9,198,108
Dominik Szoboszlai,MID,2496,1661,67,98,6,226,168,46,11,126,55
Ibrahima Konaté,DEF,2565,2221,19,124,48,400,306,7,4,349,196
Luis Díaz,MID,2410,1315,71,43,21,102,67,15,3,87,44
Mohamed Salah,MID,3377,1864,130,231,4,274,232,81,21,435,194
Ryan Gravenberch,MID,3168,2462,20,62,26,231,175,8,0,191,97
Trent Alexander-Arnold,DEF,2377,2321,45,93,29,170,122,10,1,104,61
Virgil van Dijk,DEF,3330,3347,27,105,44,327,229,97,28,171,103
Bernardo Silva,MID,2667,2163,32,46,4,115,53,4,1,146,56
Erling Haaland,FWD,2741,696,108,108,24,119,78,9,1,70,41
Ilkay Gündogan,MID,2227,1963,27,321,41,321,195,6,0,105,65
Jérémy Doku,MID,1513,1209,29,225,34,429,263,13,3,80,47
Josko Gvardiol,DEF,3279,3194,40,164,22,421,350,28,4,198,111
Kevin De Bruyne,MID,1704,1425,57,121,5,261,163,38,5,226,107
Manuel Akanji,DEF,2014,1900,15,96,27,213,171,7,3,241,128
Mateo Kovacic,MID,2202,2206,45,219,28,404,322,40,7,362,193
Matheus Nunes,MID,1673,1479,9,67,2,102,78,24,5,115,47
Omar Marmoush,FWD,1182,561,49,223,11,296,228,76,16,315,128
Phil Foden,MID,1779,1217,54,105,15,106,60,1,1,32,19
Rico Lewis,DEF,1891,1559,10,100,40,273,228,4,2,140,59
Rúben Dias,DEF,2269,2514,21,242,60,540,444,7,4,284,158
Savinho,FWD,1770,1208,55,127,21,191,118,7,3,90,48
Alejandro Garnacho,MID,2195,1276,84,241,13,366,284,55,8,238,99
Amad Diallo,MID,1901,1319,47,87,26,178,143,2,2,155,98
Bruno Fernandes,MID,3024,2781,96,254,29,705,532,18,6,426,224
Casemiro,MID,1497,1298,32,64,19,93,43,5,1,90,52
Christian Eriksen,MID,1059,865,15,85,49,397,285,17,5,211,111
Diogo Dalot,DEF,2813,2063,25,71,8,165,108,8,2,116,39
Harry Maguire,DEF,1757,1356,15,56,7,207,149,12,2,84,51
Joshua Zirkzee,FWD,1392,644,28,105,1,152,103,15,2,175,80
Kobbie Mainoo,MID,1656,1150,15,143,40,151,84,2,1,89,58
Leny Yoro,DEF,1162,905,5,109,3,192,138,25,2,116,47
Lisandro Martínez,DEF,1754,1555,17,104,24,186,152,11,3,150,77
Manuel Ugarte,MID,1789,1252,19,143,28,421,346,31,5,190,109
Matthijs de Ligt,DEF,2128,1638,18,120,23,196,147,40,5,159,95
Noussair Mazraoui,DEF,2848,2236,13,199,33,317,244,59,13,222,123
Rasmus Højlund,FWD,2013,586,32,225,26,405,330,63,14,356,198
Alexander Isak,FWD,2769,1131,99,132,22,517,435,20,2,303,151
Anthony Gordon,MID,2444,1401,59,305,11,506,383,58,8,392,160
Bruno Guimarães,MID,3282,2433,45,267,14,593,421,100,23,276,144
Dan Burn,DEF,3330,2421,23,155,11,244,152,87,17,196,92
Fabian Schär,DEF,2937,2360,40,119,12,174,121,12,3,286,116
Harvey Barnes,MID,1755,880,63,91,15,193,154,47,8,110,51
Jacob Murphy,MID,2379,1364,43,134,8,273,224,12,2,141,83
Joe Willock,MID,1074,582,18,52,6,153,101,4,0,104,36
Joelinton,MID,2404,1478,45,203,25,449,342,28,6,402,193
Kieran Trippier,DEF,1308,1427,4,110,19,229,189,7,2,192,90
Lewis Hall,DEF,2192,1907,11,134,2,171,93,5,1,279,99
Sandro Tonali,MID,2631,1923,35,97,15,61,33,0,0,81,46
Tino Livramento,DEF,2842,2081,6,36,20,284,172,14,2,158,75
Anthony Elanga,MID,2507,1216,44,209,7,429,331,76,21,271,141
Callum Hudson-Odoi,MID,2201,1116,37,332,20,277,232,8,1,154,100
Chris Wood,FWD,2976,827,68,55,7,239,189,26,8,55,22
Elliot Anderson,MID,2742,2006,40,128,21,238,176,33,6,153,83
Morgan Gibbs-White,MID,2822,1739,61,234,6,422,296,27,4,380,160
Murillo,DEF,3191,1995,25,102,7,209,191,10,4,111,81
Neco Williams,DEF,2590,1667,37,102,3,183,136,3,1,178,68
Nicolás Domínguez,MID,1970,1276,21,71,27,150,79,0,0,84,57
Nikola Milenkovic,DEF,3330,1434,29,202,34,363,290,23,6,268,165
Ola Aina,DEF,3003,1812,11,33,11,102,70,5,0,80,41
Ryan Yates,MID,1904,1115,33,144,29,381,290,11,4,214,112
Cameron Archer,FWD,1432,451,29,61,14,137,68,0,0,29,21
Flynn Downes,MID,2154,1414,10,191,16,352,281,9,0,71,46
Jack Stephens,DEF,1394,1115,4,69,21,174,121,1,0,94,63
James Bree,DEF,1073,715,4,48,23,202,150,28,5,126,69
Jan Bednarek,DEF,2535,2087,5,494,24,458,332,11,5,126,73
Joe Aribo,MID,2018,1357,17,115,12,171,123,32,7,230,111
Kamaldeen Sulemana,MID,1406,661,29,276,14,453,345,75,11,284,120
Kyle Walker-Peters,DEF,2922,2149,20,172,9,457,333,75,15,251,115
Lesley Ugochukwu,MID,1664,931,10,266,33,306,211,13,3,137,73
Mateus Fernandes,MID,2919,1918,42,277,17,432,301,59,10,352,170
Paul Onuachu,FWD,1044,494,34,219,9,366,315,108,34,197,89
Ryan Manning,DEF,1468,1027,8,397,20,522,459,3,0,47,27
Taylor Harwood-Bellis,DEF,2828,2522,20,244,35,589,472,12,2,244,144
Tyler Dibling,FWD,1874,1004,28,158,19,306,204,105,19,222,132
Yukinari Sugawara,DEF,1555,1095,14,110,18,203,162,2,1,146,74
Archie Gray,MID,1743,1329,1,94,25,276,167,56,15,147,86
Ben Davies,DEF,1330,1194,5,50,13,93,65,22,2,130,52
Brennan Johnson,MID,2179,916,54,245,26,864,647,85,11,307,151
Cristian Romero,DEF,1420,1418,16,124,7,344,310,8,1,146,76
Dejan Kulusevski,MID,2391,1424,47,162,22,307,261,19,4,204,126
Destiny Udogie,DEF,1931,1468,5,195,37,366,295,66,12,205,104
Djed Spence,DEF,1790,1525,10,52,7,155,86,6,1,113,41
Dominic Solanke,FWD,2206,750,60,163,9,475,385,24,6,194,83
James Maddison,MID,1816,1583,39,128,41,263,133,1,0,153,96
Lucas Bergvall,MID,1206,959,12,107,25,286,219,82,23,155,88
Micky van de Ven,DEF,1018,916,6,55,15,241,181,13,4,169,77
Pape Sarr,MID,1913,1341,34,281,10,226,167,3,0,64,42
Pedro Porro,DEF,2608,2333,39,179,37,359,292,80,22,196,104
Radu Dragusin,DEF,1251,984,5,67,2,125,91,8,3,115,40
Rodrigo Bentancur,MID,1653,1362,22,17,5,68,40,1,0,91,47
Son Heung-Min,MID,2116,1217,57,177,11,235,178,62,10,214,87
Yves Bissouma,MID,1405,1087,11,54,15,121,88,18,4,89,39
Aaron Wan-Bissaka,DEF,3154,2388,16,251,66,499,382,76,16,259,160
Carlos Soler,MID,1404,842,25,59,14,286,193,20,8,164,102
Edson Álvarez,MID,1781,1287,12,189,31,450,344,35,2,375,185
Guido Rodríguez,MID,1155,735,8,132,40,130,73,3,0,70,43
James Ward-Prowse,MID,1440,1088,15,57,5,137,80,11,1,108,52
Jarrod Bowen,MID,2979,1411,87,112,26,101,60,3,0,106,62
Jean-Clair Todibo,DEF,1831,1347,5,93,2,199,121,26,5,172,65
Konstantinos Mavropanos,DEF,2037,1575,18,82,12,179,110,14,4,83,38
Lucas Paquetá,MID,2384,1933,41,193,7,459,378,32,11,292,122
Maximilian Kilman,DEF,3349,2424,13,12,16,50,23,1,0,30,12
Mohammed Kudus,MID,2601,1508,75,214,49,605,494,10,4,345,200
Tomás Soucek,MID,2570,1337,55,119,11,102,70,0,0,43,30
Vladimír Coufal,DEF,1061,769,7,63,10,73,46,46,7,69,33
André,MID,2484,1723,10,118,37,226,191,0,0,235,141
Emmanuel Agbadou,DEF,1411,1201,7,181,13,670,499,45,9,293,144
Jean-Ricner Bellegarde,MID,1681,924,22,65,42,271,169,12,5,147,77
João Gomes,DEF,2987,2154,35,125,23,376,292,16,3,263,107
Jørgen Strand Larsen,FWD,2599,793,54,166,14,404,317,53,12,222,92
Mario Lemina,MID,1363,854,18,23,6,65,38,10,3,82,37
Marshall Munetsi,MID,1079,392,22,271,6,757,612,35,6,172,67
Matheus Cunha,MID,2600,1749,110,157,15,441,372,40,9,150,73
Matt Doherty,DEF,2113,1578,10,40,13,134,95,14,3,69,36
Nélson Semedo,DEF,2891,1817,18,62,29,293,240,6,2,196,107
Rayan Aït-Nouri,DEF,3127,2315,36,53,13,194,152,18,1,56,27
Santiago Bueno,DEF,1682,1046,6,144,28,325,278,18,7,212,102
Toti Gomes,DEF,2615,2110,7,190,31,673,470,93,23,197,98
